{
  "best_params": {
    "donchianPeriod": 5,
    "atrPeriod": 14,
    "adxPeriod": 14,
    "adxThreshold": 18,
    "atrStopMult": 2.0,
    "atrProfitMult": 0.6,
    "atrTrailMult": 2.5,
    "riskPerTrade": 0.15,
    "enableTrailing": false,
    "useTrendFilter": true,
    "trendPeriod": 50,
    "partialProfit": true,
    "partialProfitRatio": 0.5,
    "allowReentry": false,
    "startingCapital": 100000.0
  },
  "best_metrics": {
    "startEquity": 100000.0,
    "endEquity": 163117.97299759943,
    "totalReturn": 0.6311797299759943,
    "annualReturn": 0.1057155181935705,
    "maxDrawdown": 0.12354544645554898,
    "maxDrawdownDuration": 320,
    "winRate": 0.8571428571428571,
    "totalTrades": 21,
    "wins": 18,
    "losses": 3,
    "avgWin": 0.059450534442659984,
    "avgLoss": -0.14630996333062848,
    "profitFactor": 2.437996692336589,
    "sharpe": 0.6717278021634574,
    "sortino": 0.08163633594729096,
    "expectancy": 0.030056177617904477,
    "avgHoldingDays": 8.476190476190476,
    "longestWinStreak": 9,
    "longestLossStreak": 1,
    "calmar": 0.8556812187457383,
    "meetsWinRate": true,
    "meetsAnnualReturn": true,
    "meetsMaxDrawdown": true,
    "overallPass": true
  },
  "top10": [
    {
      "rank": 1,
      "score": 9254.095373002867,
      "params": {
        "donchianPeriod": 5,
        "atrPeriod": 14,
        "adxPeriod": 14,
        "adxThreshold": 18,
        "atrStopMult": 2.0,
        "atrProfitMult": 0.6,
        "atrTrailMult": 2.5,
        "riskPerTrade": 0.15,
        "enableTrailing": false,
        "useTrendFilter": true,
        "trendPeriod": 50,
        "partialProfit": true,
        "partialProfitRatio": 0.5,
        "allowReentry": false,
        "startingCapital": 100000.0
      },
      "metrics": {
        "startEquity": 100000.0,
        "endEquity": 163117.97299759943,
        "totalReturn": 0.6311797299759943,
        "annualReturn": 0.1057155181935705,
        "maxDrawdown": 0.12354544645554898,
        "maxDrawdownDuration": 320,
        "winRate": 0.8571428571428571,
        "totalTrades": 21,
        "wins": 18,
        "losses": 3,
        "avgWin": 0.059450534442659984,
        "avgLoss": -0.14630996333062848,
        "profitFactor": 2.437996692336589,
        "sharpe": 0.6717278021634574,
        "sortino": 0.08163633594729096,
        "expectancy": 0.030056177617904477,
        "avgHoldingDays": 8.476190476190476,
        "longestWinStreak": 9,
        "longestLossStreak": 1,
        "calmar": 0.8556812187457383,
        "meetsWinRate": true,
        "meetsAnnualReturn": true,
        "meetsMaxDrawdown": true,
        "overallPass": true
      }
    },
    {
      "rank": 2,
      "score": 9254.095373002867,
      "params": {
        "donchianPeriod": 5,
        "atrPeriod": 14,
        "adxPeriod": 14,
        "adxThreshold": 18,
        "atrStopMult": 2.0,
        "atrProfitMult": 0.6,
        "atrTrailMult": 2.5,
        "riskPerTrade": 0.15,
        "enableTrailing": false,
        "useTrendFilter": true,
        "trendPeriod": 50,
        "partialProfit": true,
        "partialProfitRatio": 0.5,
        "allowReentry": true,
        "startingCapital": 100000.0
      },
      "metrics": {
        "startEquity": 100000.0,
        "endEquity": 163117.97299759943,
        "totalReturn": 0.6311797299759943,
        "annualReturn": 0.1057155181935705,
        "maxDrawdown": 0.12354544645554898,
        "maxDrawdownDuration": 320,
        "winRate": 0.8571428571428571,
        "totalTrades": 21,
        "wins": 18,
        "losses": 3,
        "avgWin": 0.059450534442659984,
        "avgLoss": -0.14630996333062848,
        "profitFactor": 2.437996692336589,
        "sharpe": 0.6717278021634574,
        "sortino": 0.08163633594729096,
        "expectancy": 0.030056177617904477,
        "avgHoldingDays": 8.476190476190476,
        "longestWinStreak": 9,
        "longestLossStreak": 1,
        "calmar": 0.8556812187457383,
        "meetsWinRate": true,
        "meetsAnnualReturn": true,
        "meetsMaxDrawdown": true,
        "overallPass": true
      }
    },
    {
      "rank": 3,
      "score": 3867.7515979149043,
      "params": {
        "donchianPeriod": 5,
        "atrPeriod": 14,
        "adxPeriod": 14,
        "adxThreshold": 15,
        "atrStopMult": 2.0,
        "atrProfitMult": 0.6,
        "atrTrailMult": 2.5,
        "riskPerTrade": 0.15,
        "enableTrailing": false,
        "useTrendFilter": true,
        "trendPeriod": 50,
        "partialProfit": true,
        "partialProfitRatio": 0.5,
        "allowReentry": false,
        "startingCapital": 100000.0
      },
      "metrics": {
        "startEquity": 100000.0,
        "endEquity": 159230.88181697272,
        "totalReturn": 0.5923088181697271,
        "annualReturn": 0.10025198170347527,
        "maxDrawdown": 0.23187999953056482,
        "maxDrawdownDuration": 320,
        "winRate": 0.8333333333333334,
        "totalTrades": 30,
        "wins": 25,
        "losses": 5,
        "avgWin": 0.052946279290966236,
        "avgLoss": -0.1462696328208857,
        "profitFactor": 1.8098862446657507,
        "sharpe": 0.604836297052181,
        "sortino": 0.0856859120706901,
        "expectancy": 0.019743627272324243,
        "avgHoldingDays": 8.0,
        "longestWinStreak": 13,
        "longestLossStreak": 1,
        "calmar": 0.43234423799565663,
        "meetsWinRate": true,
        "meetsAnnualReturn": true,
        "meetsMaxDrawdown": false,
        "overallPass": false
      }
    },
    {
      "rank": 4,
      "score": 3867.7515979149043,
      "params": {
        "donchianPeriod": 5,
        "atrPeriod": 14,
        "adxPeriod": 14,
        "adxThreshold": 15,
        "atrStopMult": 2.0,
        "atrProfitMult": 0.6,
        "atrTrailMult": 2.5,
        "riskPerTrade": 0.15,
        "enableTrailing": false,
        "useTrendFilter": true,
        "trendPeriod": 50,
        "partialProfit": true,
        "partialProfitRatio": 0.5,
        "allowReentry": true,
        "startingCapital": 100000.0
      },
      "metrics": {
        "startEquity": 100000.0,
        "endEquity": 159230.88181697272,
        "totalReturn": 0.5923088181697271,
        "annualReturn": 0.10025198170347527,
        "maxDrawdown": 0.23187999953056482,
        "maxDrawdownDuration": 320,
        "winRate": 0.8333333333333334,
        "totalTrades": 30,
        "wins": 25,
        "losses": 5,
        "avgWin": 0.052946279290966236,
        "avgLoss": -0.1462696328208857,
        "profitFactor": 1.8098862446657507,
        "sharpe": 0.604836297052181,
        "sortino": 0.0856859120706901,
        "expectancy": 0.019743627272324243,
        "avgHoldingDays": 8.0,
        "longestWinStreak": 13,
        "longestLossStreak": 1,
        "calmar": 0.43234423799565663,
        "meetsWinRate": true,
        "meetsAnnualReturn": true,
        "meetsMaxDrawdown": false,
        "overallPass": false
      }
    },
    {
      "rank": 5,
      "score": 2160.357322140508,
      "params": {
        "donchianPeriod": 5,
        "atrPeriod": 14,
        "adxPeriod": 14,
        "adxThreshold": 18,
        "atrStopMult": 2.0,
        "atrProfitMult": 0.8,
        "atrTrailMult": 2.5,
        "riskPerTrade": 0.15,
        "enableTrailing": false,
        "useTrendFilter": true,
        "trendPeriod": 50,
        "partialProfit": true,
        "partialProfitRatio": 0.5,
        "allowReentry": false,
        "startingCapital": 100000.0
      },
      "metrics": {
        "startEquity": 100000.0,
        "endEquity": 155819.55520678218,
        "totalReturn": 0.5581955520678219,
        "annualReturn": 0.09536913768834698,
        "maxDrawdown": 0.11795005849160459,
        "maxDrawdownDuration": 320,
        "winRate": 0.8,
        "totalTrades": 20,
        "wins": 16,
        "losses": 4,
        "avgWin": 0.07133289469161856,
        "avgLoss": -0.14578269074951877,
        "profitFactor": 1.9572390748139359,
        "sharpe": 0.5975861649337966,